"Ausgabe";"Bereich";"Titel";"Titelthema"
"2017-01";"Umwelt";"Aluminium wie gefährlich ist es";"FALSE"
"2017-01";"Umwelt";"Aluminium ist kein wegwerfprodukt";"FALSE"
"2017-01";"Biologie";"Die Wirkstofffahnder";"FALSE"
"2017-01";"Medizin";"HIV unter Kontrolle";"FALSE"
"2017-01";"Astronomie";"Kosmos im Kopf";"TRUE"
"2017-01";"Astronomie";"Zündende Ideen";"TRUE"
"2017-01";"Astronomie";"Schwarze Löcher mit weichen Härchen";"TRUE"
"2017-01";"Chemie";"Chlor";"FALSE"
"2017-01";"Soziologie";"Von Kultur aus gewalttätig";"FALSE"
"2017-01";"Psychologie";"Angst vor dem Risiko";"FALSE"
"2017-01";"Soziologie";"Wir erleben die unbequemen Seiten der Demokratie";"FALSE"
"2017-01";"Technik";"Der Glockendoktor";"FALSE"
"2017-01";"Technik";"Hightech rockt die Piste";"FALSE"
"2017-01";"Technik";"Schlaue Leuchten";"FALSE"
"2017-02";"Biologie";"Wenn der Mensch Gott spielt";"FALSE"
"2017-02";"Biologie";"Grazil, rasant und in großer Gefahr";"FALSE"
"2017-02";"Archälogie";"Mann braucht einen starken Magen";"FALSE"
"2017-02";"Astronomie";"Die Vermessung der Welten";"FALSE"
"2017-02";"Astronomie";"Pulsschlag einer Galaxie";"FALSE"
"2017-02";"Astronomie";"Der Mars bleibt eine Herausforderung";"FALSE"
"2017-02";"Soziologie";"Welche Zukunft wollen wir";"TRUE"
"2017-02";"Philosophie";"Sokrates meets Roboterethik";"TRUE"
"2017-02";"Technik";"Energie ohne Emissionen";"TRUE"
"2017-02";"Soziologie";"Atommüll hat Zukunft";"TRUE"
"2017-02";"Soziologie";"Künftige Generationen werden uns verurteilen";"TRUE"
"2017-02";"Soziologie";"Technofossilien überall";"TRUE"
"2017-02";"Archälogie";"Küste statt Korridor";"FALSE"
"2017-02";"Technik";"Ein Tatort zum Mitnehmen";"FALSE"
"2017-02";"Wissenschaftstheorie";"Langer Atem Lohnt sich";"FALSE"
"2017-02";"Soziologie";"Unser moderner industrieller Kern garantiert Arbeitsplätze";"FALSE"
"2017-03";"Medizin";"Tabletten und Globuli aus einer Hand";"TRUE"
"2017-03";"Medizin";"Patienten werden oft nur durchgeschleust";"TRUE"
"2017-03";"Medizin";"Sanfte Versprechen";"TRUE"
"2017-03";"Medizin";"Von Menschen und Mäusen";"FALSE"
"2017-03";"Astronomie";"100 Jahre moderne Kosmologie";"FALSE"
"2017-03";"Astronomie";"Als das Venus Klima kippte";"FALSE"
"2017-03";"Biologie";"Licht in Sicht";"FALSE"
"2017-03";"Archälogie";"Spelzen, Speichel und Urin";"FALSE"
"2017-03";"Soziologie";"Der Ruhestand kann warten";"FALSE"
"2017-03";"Archälogie";"Im Schatten des Vesuvs";"FALSE"
"2017-03";"Technik";"Chips mit Grips";"FALSE"
"2017-03";"Technik";"Mit halber Kraft voraus";"FALSE"
"2017-03";"Technik";"Werkzeuge aus der Mikrowelt";"FALSE"
"2017-03";"Technik";"Industrie 4.0 ist unsere Chance";"FALSE"
"2017-04";"Medizin";"Baby mit neuer DNA";"FALSE"
"2017-04";"Medizin";"Der Hirnschrittmacher lernt dazu";"FALSE"
"2017-04";"Medizin";"Warum funktioniert die tiefe Hirnstimulation";"FALSE"
"2017-04";"Astronomie";"Eisvulkane im Sonnensystem";"FALSE"
"2017-04";"Astronomie";"Das dynamische Universum wird 100";"FALSE"
"2017-04";"Geologie";"Im Schlund des Geysirs";"FALSE"
"2017-04";"Soziologie";"Museum mit Tiefgang";"FALSE"
"2017-04";"Psychologie";"Wie von Zauberhand";"FALSE"
"2017-04";"Psychologie";"Es begann mit dem Lausen";"FALSE"
"2017-04";"Medizin";"Freunde sind besser";"FALSE"
"2017-04";"Technik";"Ein Roboter für jedes Herrchen";"TRUE"
"2017-04";"Chemie";"Trio genial";"TRUE"
"2017-04";"Soziologie";"Ohne Unternehmen hat es ein Erfinder schwer";"TRUE"
"2017-04";"Technik";"Blick auf das Unsichtbare";"FALSE"
"2017-05";"Biologie";"Wildnis nach Wunsch";"FALSE"
"2017-05";"Biologie";"Ein Hauch von Bittermandeln";"FALSE"
"2017-05";"Medizin";"Das Einmaleins der Studien";"FALSE"
"2017-05";"Astronomie";"Schlussakkord für Rosetta";"FALSE"
"2017-05";"Astronomie";"Gravitationswellen in Dunkler Energie";"FALSE"
"2017-05";"Astronomie";"Gewitter am Radiohimmel";"FALSE"
"2017-05";"Astronomie";"Exoplanet vor der Haustür";"FALSE"
"2017-05";"Soziologie";"Friedensflüsterer";"TRUE"
"2017-05";"Soziologie";"Starkes Ego, großes Einfühlungsvermögen";"TRUE"
"2017-05";"Soziologie";"Krieg lohnt sich nicht";"TRUE"
"2017-05";"Soziologie";"Friedenswächter 4.0";"TRUE"
"2017-05";"Archälogie";"Lochstreifen in der Landschaft";"FALSE"
"2017-05";"Technik";"Rotoren für die City";"FALSE"
"2017-05";"Astronomie";"Astronaut auf Probe";"FALSE"
"2017-05";"Technik";"Das mulmige Gefühl ist weg";"FALSE"
"2017-06 ";"Biologie";"Plötzlich fehlen die Menschen";"FALSE"
"2017-06 ";"Medizin";"Die Sprache des Körpers";"FALSE"
"2017-06 ";"Biologie";"Die Tränen der Waldfee";"FALSE"
"2017-06 ";"Klima";"Der steile Weg zu null Emissionen";"TRUE"
"2017-06 ";"Klima";"Klimawandel und Klimaschutz";"TRUE"
"2017-06 ";"Klima";"Operation Klima";"TRUE"
"2017-06 ";"Klima";"Es bewegt sich doch etwas ";"TRUE"
"2017-06 ";"Astronomie";"Superman und die heißen Zwerge";"FALSE"
"2017-06 ";"Psychologie";"Die besseren Argumente";"FALSE"
"2017-06 ";"Archälogie";"Erste Hilfe für Kunstschätze";"FALSE"
"2017-06 ";"Psychologie";"Krank im Kopf";"FALSE"
"2017-06 ";"Technik";"Ein Stromer für jedermann";"FALSE"
"2017-06 ";"Technik";"100 Postler hatten einen Riesenspaß";"FALSE"
"2017-06 ";"Physik";"Buntes aus der Nanowelt";"FALSE"
"2017-06 ";"Technik";"Schön, aber wirkungslos";"FALSE"
"2017-07";"Biologie";"Ein ziemlich perfekter Körper";"FALSE"
"2017-07";"Medizin";"Eisige Rettung";"FALSE"
"2017-07";"Biologie";"Grünzeug für die Bodenwäsche";"FALSE"
"2017-07";"Astronomie";"Die neue Großfahndung";"TRUE"
"2017-07";"Soziologie";"Die sozialen Folgen wären verheerend";"TRUE"
"2017-07";"Soziologie";"Die Deutschen und die Außerirdischen";"TRUE"
"2017-07";"Physik";"Spannung für Jahrmillionen";"FALSE"
"2017-07";"Archälogie";"Teotihuacan – die Stadt der Rätsel";"FALSE"
"2017-07";"Soziologie";"Die Leere der Populisten";"FALSE"
"2017-07";"Soziologie";"Früh die Weichen stellen";"FALSE"
"2017-07";"Technik";"Galileo geht auf Sendung";"FALSE"
"2017-07";"Technik";"Die Weltvermesser von Wettzeil";"FALSE"
"2017-07";"Chemie";"Der Bioaufschlag ist ein großes Problem";"FALSE"
"2017-08";"Biologie";"Das kleine pelzige Wunder";"FALSE"
"2017-08";"Medizin";"Silberstreifen am Horizont";"FALSE"
"2017-08";"Paläontologie";"Rostige Spur zum ersten Leben";"FALSE"
"2017-08";"Technik";"Der schlummernde Schatz";"TRUE"
"2017-08";"Umwelt";"Ostsee in der Kohlegrube";"TRUE"
"2017-08";"Technik";"Schürfen im Müll";"TRUE"
"2017-08";"Astronomie";"Das dritte Signal";"FALSE"
"2017-08";"Physik";"Kristalle der Zeit";"FALSE"
"2017-08";"Archälogie";"Das Kreuz in der Steppe";"FALSE"
"2017-08";"Soziologie";"Armes Deutschland";"FALSE"
"2017-08";"Technik";"Ein waghalsiges Experiment";"FALSE"
"2017-08";"Technik";"Mit der Drohne ins Inferno";"FALSE"
"2017-08";"Technik";"Wächter über dem Wald";"FALSE"
"2017-09";"Technik";"Die Zukunft des Fliegens";"TRUE"
"2017-09";"Technik";"Renaissance der Riesenzigarren";"TRUE"
"2017-09";"Astronomie";"Cassinis großes Finale";"FALSE"
"2017-09";"Astronomie";"Exoplanet Erde";"FALSE"
"2017-09";"Astronomie";"Planetenschwemme im Schwan";"FALSE"
"2017-09";"Archälogie";"Echo aus der Steinzeit";"FALSE"
"2017-09";"Soziologie";"Gottergebene Hühnchen";"FALSE"
"2017-09";"Psychologie";"Gefährliche Empathie";"TRUE"
"2017-09";"Soziologie";"Die Lust am Schrecken";"TRUE"
"2017-09";"Technik";"Handfester Fortschritt";"FALSE"
"2017-09";"Biologie";"Der Kampf um die letzten Küken";"FALSE"
"2017-09";"Biologie";"Die Gefahr im Garten";"FALSE"
"2017-10";"Biologie";"Das Geheimnis der Veteranen";"FALSE"
"2017-10";"Medizin";"Zwei Fliegen mit einer Klappe";"FALSE"
"2017-10";"Biologie";"Die Popstars der Wissenschaft";"FALSE"
"2017-10";"Astronomie";"Der Herr der Stürme";"FALSE"
"2017-10";"Geologie";"Das große Schwappen";"FALSE"
"2017-10";"Psychologie";"Wie Motivation erwacht";"TRUE"
"2017-10";"Psychologie";"Wir sind alle kleine Aufschieber";"TRUE"
"2017-10";"Psychologie";"Heraus aus dem Loch";"TRUE"
"2017-10";"Allgemein";"Zeit für das Unglaubliche";"FALSE"
"2017-10";"Technik";"Träume aus Holz";"FALSE"
"2017-10";"Technik";"Aufgespürt";"FALSE"
"2017-10";"Technik";"Darwins Haltestellen";"FALSE"
"2017-11";"Astronomie";"Auf der Suche nach dem Rand der Welt";"TRUE"
"2017-11";"Astronomie";"Raumzeit-Risse, Extradimensionen und der Kollaps der Naturgesetze";"TRUE"
"2017-11";"Astronomie";"Der Horizont unseres Universums";"TRUE"
"2017-11";"Astronomie";"Nackte Provokationen und kosmische Zensur";"TRUE"
"2017-11";"Medizin";"Mit Turbo gegen die Depression";"FALSE"
"2017-11";"Medizin";"Das gute Fett";"FALSE"
"2017-11";"Biologie";"Liebling, ich habe mein Hirn geschrumpft";"FALSE"
"2017-11";"Technik";"Warum der Diesel Zukunft hat";"FALSE"
"2017-11";"Technik";"So einfach ist das nicht";"FALSE"
"2017-11";"Chemie";"Der Griff zum Heiligen Gral";"FALSE"
"2017-11";"Psychologie";"Wie unser Steinzeit-Gehirn entscheidet";"FALSE"
"2017-11";"Informatik";"Rosenblatt der Schriftenknacker";"FALSE"
"2017-11";"Soziologie";"Vernetzte Menschen und Maschinen";"FALSE"
"2017-12";"Anthropologie";"Es rauscht im Stammbusch";"TRUE"
"2017-12";"Anthropologie";"Das Mosaik der Menschenartigen";"TRUE"
"2017-12";"Anthropologie";"Geschöpfe des Feuers";"TRUE"
"2017-12";"Technik";"Technik to go";"FALSE"
"2017-12";"Technik";"Nabelschnur nach Norden";"TRUE"
"2017-12";"Technik";"Strom im Berg";"TRUE"
"2017-12";"Astronomie";"Sonnig mit Aussicht auf Flecken";"FALSE"
"2017-12";"Astronomie";"Der ferne Doppelplanet";"FALSE"
"2017-12";"Medizin";"Der goldene Schnitt";"FALSE"
"2017-12";"Medizin";"Eine Geburt ist keine Krankheit";"FALSE"
"2017-12";"Biologie";"Ich sehe was, was du nicht siehst";"FALSE"
"2016-01";"Umwelt";"Das rote Gold des Regenwaldes";"FALSE"
"2016-01";"Medizin";"Ein Schirm fürs Herz";"FALSE"
"2016-01";"Umwelt";"Stress im Meer";"FALSE"
"2016-01";"Astronomie";"Das Karussell des Universums";"TRUE"
"2016-01";"Astronomie";"Der dunkle Fluss im Weltall";"TRUE"
"2016-01";"Chemie";"S16";"FALSE"
"2016-01";"Astronomie";"Plutos Comeback";"FALSE"
"2016-01";"Archälogie";"Der wankende Drache";"FALSE"
"2016-01";"Psychologie";"Was macht der Molekularpsychologe Christian Montag";"FALSE"
"2016-01";"Allgemein";"Deutschland sucht den Superforscher";"FALSE"
"2016-01";"Technik";"Mit dem Navi durch den Aldi";"FALSE"
"2016-01";"Technik";"Kernfusion am Ende";"FALSE"
"2016-02";"Biologie";"Was macht eigentlich der Käferforscher Alexander Riedel";"FALSE"
"2016-02";"Biologie";"Geerbte Angst";"FALSE"
"2016-02";"Biologie";"Fremdgesteuert";"FALSE"
"2016-02";"Astronomie";"Salz in der Lebenssuppe";"FALSE"
"2016-02";"Astronomie";"Gute Nachrichten für Marsianer";"FALSE"
"2016-02";"Physik";"Neutrinos aus Monstergalaxien";"FALSE"
"2016-02";"Astronomie";"Spuren aus der Urzeit";"FALSE"
"2016-02";"Psychologie";"Die besten Strategien";"TRUE"
"2016-02";"Biologie";"Schlau dank Stift";"TRUE"
"2016-02";"Allgemein";"Anfassen ist Programm";"TRUE"
"2016-02";"Architektur";"Ein Himmel voller Punktwollken";"FALSE"
"2016-02";"Technik";"Pumpen für die Energiewende";"TRUE"
"2016-02";"Technik";"Das Stromnetz ist stabiler als vor 10 Jahren";"TRUE"
"2016-03";"Biologie";"Der Mensch im Schwein";"TRUE"
"2016-03";"Biologie";"Klug, aber ganz schön schweinisch";"TRUE"
"2016-03";"Biologie";"Tiere fühlen wie wir";"TRUE"
"2016-03";"Medizin";"Gentherapie endlich erfolgreich";"FALSE"
"2016-03";"Medizin";"Früh erkannt – Gefahr gebannt?";"FALSE"
"2016-03";"Astronomie";"Zwergplanet Ceres ganz nah";"FALSE"
"2016-03";"Astronomie";"Einsteins Uhren";"FALSE"
"2016-03";"Astronomie";"Gefahrenherd 47 Tucanae";"FALSE"
"2016-03";"Soziologie";"Die Deutschen schaffen das!";"TRUE"
"2016-03";"Soziologie";"Auf der Suche nach einer Chance";"TRUE"
"2016-03";"Allgemein";"Das Schweizer Patentrezept";"FALSE"
"2016-03";"Technik";"Rohstoffe aus stinkendem Müll";"FALSE"
"2016-03";"Technik";"Wespenstachel hilft bei Hüft-OP";"FALSE"
"2016-04";"Biologie";"Moby Klick";"FALSE"
"2016-04";"Medizin";"Licht für die Sicht";"FALSE"
"2016-04";"Astronomie";"Die Entdeckung der Gravitationswellen";"TRUE"
"2016-04";"Astronomie";"Die Botschaft der schwarzen Löcher";"TRUE"
"2016-04";"Astronomie";"Einstein und die schwingende Raumzeit";"TRUE"
"2016-04";"Soziologie";"Der kleine Unterschied";"TRUE"
"2016-04";"Anthropologie";"Das gleiche Geschlecht";"TRUE"
"2016-04";"Archälogie";"Das spanische Troja";"FALSE"
"2016-04";"Allgemein";"Das schweizer Patentrezept";"FALSE"
"2016-04";"Technik";"Der schmutzige Musterknabe";"FALSE"
"2016-04";"Allgemein";"Bei den Chinesen ist Deutschland am beliebtesten";"FALSE"
"2016-04";"Soziologie";"Der Clip des Lebens";"FALSE"
"2016-04";"Umwelt";"Das Rätsel vom Müll im Meer";"FALSE"
"2016-05";"Medizin";"Leben mit der neuen Niere";"FALSE"
"2016-05";"Medizin";"Risiken und Nebenwirkungen";"FALSE"
"2016-05";"Medizin";"Gewappnet für die Seuche";"FALSE"
"2016-05";"Medizin";"Operation Lebensrettung";"FALSE"
"2016-05";"Astronomie";"Supernova, Sternenwind und radioaktive Spuren";"FALSE"
"2016-05";"Astronomie";"Ein Neuer im Sonnensystem";"FALSE"
"2016-05";"Mathematik";"Pizza für Mathematiker";"FALSE"
"2016-05";"Informatik";"Computer schlägt Weltmeister";"FALSE"
"2016-05";"Anthropologie";"Gemetzel im Genom";"TRUE"
"2016-05";"Anthropologie";"Auf verschlungenen Pfaden";"TRUE"
"2016-05";"Anthropologie";"Verschleppt, vergewaltigt, versklavt";"TRUE"
"2016-05";"Archälogie";"Sturm und Schmelzwasser";"FALSE"
"2016-05";"Soziologie";"Wenn der Staat mordet";"FALSE"
"2016-05";"Technik";"Sauber zur See";"FALSE"
"2016-05";"Technik";"Sanfte Stubser";"FALSE"
"2016-06";"Medizin";"Besser schlafen";"TRUE"
"2016-06";"Medizin";"Traumlesen";"TRUE"
"2016-06";"Medizin";"Schlafstörungen sollte man früh gegensteuern";"TRUE"
"2016-06";"Astronomie";"Segeltörn im Weltraum";"FALSE"
"2016-06";"Astronomie";"Ein Herz aus Metall";"FALSE"
"2016-06";"Allgemein";"Die Notwendigkeit des Zufall";"FALSE"
"2016-06";"Archälogie";"Schöne neue Antike";"FALSE"
"2016-06";"Medizin";"Der Impf-Krieg";"FALSE"
"2016-06";"Archälogie";"Mumien statt Brief und Siegel";"FALSE"
"2016-06";"Psychologie";"Unhöflichkeit steckt an";"FALSE"
"2016-06";"Technik";"Die Meistermacher";"FALSE"
"2016-06";"Soziologie";"Wir Wissenschaftler sollten auf den Mittelstand zugehen";"FALSE"
"2016-07";"Technik";"Jäger des virtuellen Lichts";"FALSE"
"2016-07";"Allgemein";"Aufbruch in Afrika";"TRUE"
"2016-07";"Medizin";"Zwei im Kampf gegen die Tuberkulose";"TRUE"
"2016-07";"Astronomie";"Die schwere Geburt der Galaxis";"TRUE"
"2016-07";"Astronomie";"Dunkle Energie ganz nah";"TRUE"
"2016-07";"Psychologie";"Wie ein Fels in der Brandung";"FALSE"
"2016-07";"Archälogie";"Verkaufen oder horten";"FALSE"
"2016-07";"Psychologie";"Happy End im Kopf";"FALSE"
"2016-07";"Technik";"Kräftemessen mit Maschinen";"TRUE"
"2016-07";"Informatik";"Computer lernen Denken";"TRUE"
"2016-07";"Soziologie";"Schöne neue Arbeitswelt";"TRUE"
"2016-08";"Medizin";"Stopp dem tödlichen Tanz";"FALSE"
"2016-08";"Medizin";"Die Welt schaut auf Luxemburg";"FALSE"
"2016-08";"Physik";"Elfen, Kobolde und Gnome";"TRUE"
"2016-08";"Technik";"Blitzattacke";"TRUE"
"2016-08";"Astronomie";"Aus Staub geboren";"FALSE"
"2016-08";"Astronomie";"Wasser und Vesta";"FALSE"
"2016-08";"Astronomie";"Wie das All durchsichtig wurde";"FALSE"
"2016-08";"Astronomie";"Absturz auf dem Mars";"FALSE"
"2016-08";"Psychologie";"Im Zweifel für das Misstrauen";"FALSE"
"2016-08";"Allgemein";"Im Namen der Wissenschaft";"FALSE"
"2016-08";"Archälogie";"Steinzeit-Shuttle nach Zypern";"FALSE"
"2016-08";"Soziologie";"Appelle stoßen auf Ignoranz";"FALSE"
"2016-08";"Technik";"Roboter zum Verlieben";"FALSE"
"2016-08";"Technik";"Die Sicherheit fährt mit";"FALSE"
"2016-09";"Medizin";"Der Einschnitt";"TRUE"
"2016-09";"Medizin";"Die große Unbekannte";"TRUE"
"2016-09";"Medizin";"Kampf um jede Minute";"TRUE"
"2016-09";"Medizin";"In Gefahr sind vor allem Ältere und Frühgeborene";"TRUE"
"2016-09";"Medizin";"Am laufenden Meter";"FALSE"
"2016-09";"Astronomie";"Das Erzittern der Raumzeit";"TRUE"
"2016-09";"Astronomie";"Mit Bravour bestätigt";"TRUE"
"2016-09";"Astronomie";"Der Tanz der Schwarzen Löcher";"TRUE"
"2016-09";"Klima";"Wolken aus der Dose";"FALSE"
"2016-09";"Klima";"Wolkiges Wissen";"FALSE"
"2016-09";"Psychologie";"Nicht das wirkliche Leben";"FALSE"
"2016-09";"Soziologie";"Radler unter Strom";"FALSE"
"2016-09";"Archälogie";"Alltag des Grauens";"FALSE"
"2016-09";"Technik";"Eine Schule für Roboter";"FALSE"
"2016-09";"Technik";"Der Schatz im Schutt";"TRUE"
"2016-09";"Technik";"Wohin mit dem Wunderbeton";"TRUE"
"2016-09";"Allgemein";"Europas Forschung muss sich besser positionieren";"FALSE"
"2016-10";"Biologie";"Die zweischneidige Genschere";"TRUE"
"2016-10";"Umwelt";"Kampf gegen Mücken und Malaria";"TRUE"
"2016-10";"Allgemein";"Offen für Neuer";"TRUE"
"2016-10";"Biologie";"Hundemüde oder tierisch wach";"FALSE"
"2016-10";"Astronomie";"Die Saat der Sterne";"FALSE"
"2016-10";"Technik";"Atemberaubende Präzision";"FALSE"
"2016-10";"Archälogie";"Das Prunktor von Persepolis";"FALSE"
"2016-10";"Psychologie";"Trügerische Erinnerung";"FALSE"
"2016-10";"Anthropologie";"Sag mir erst, wie alt du bist";"FALSE"
"2016-10";"Technik";"Tesla Crash: Das Ende der Autopiloten?";"TRUE"
"2016-10";"Technik";"Geklickt, geknackt, geklaut";"TRUE"
"2016-10";"Soziologie";"Maschinen können Moral lernen";"FALSE"
"2016-11";"Biologie";"Walforschung ohne Walfang";"FALSE"
"2016-11";"Medizin";"Faktencheck Zucker: Die Menge macht‘s";"FALSE"
"2016-11";"Astronomie";"Schwarze Löcher aus dem Urknall";"FALSE"
"2016-11";"Astronomie";"Mond auf der schiefen Bahn";"FALSE"
"2016-11";"Archälogie";"Ein Traum von einer Königin";"TRUE"
"2016-11";"Archälogie";"Die Toten von Herxheim";"TRUE"
"2016-11";"Archälogie";"Mit 80 Zahnräder in die Zukunft";"TRUE"
"2016-11";"Archälogie";"Symbole im Nebel der Zeit";"TRUE"
"2016-11";"Archälogie";"Notruf an die Götter";"TRUE"
"2016-11";"Archälogie";"Wikinger in der Neuen Welt";"TRUE"
"2016-11";"Archälogie";"Der Held von Amphipolis";"TRUE"
"2016-11";"Allgemein";"Auf die Inszenierung kommt es an";"FALSE"
"2016-11";"Technik";"Erleuchtung im Röntgengewitter";"FALSE"
"2016-11";"Technik";"Blitze in der Unterwelt";"FALSE"
"2016-11";"Technik";"Bauen in XXL: Türme, Tunnel und Kanäle";"FALSE"
"2016-12";"Medizin";"Blut-Hirn-Schranke gesprengt";"FALSE"
"2016-12";"Biologie";"Mobbing unter Walen";"FALSE"
"2016-12";"Umwelt";"Eisalgen heizen Grönland ein";"FALSE"
"2016-12";"Physik";"Die vertrackte Gegenwart";"TRUE"
"2016-12";"Physik";"Die körnige Zeit";"TRUE"
"2016-12";"Archälogie";"Das Reich der Dschungelstädte";"FALSE"
"2016-12";"Psychologie";"Radikal aus Unsicherheit";"FALSE"
"2016-12";"Soziologie";"Prinzipien sind keine Lösung";"FALSE"
"2016-12";"Technik";"Sicher durch den Berg";"FALSE"
"2016-12";"Allgemein";"Trüffel für Berlin";"FALSE"
"2016-12";"Technik";"Der Mann für die Zukunft";"FALSE"
"2016-12";"Technik";"Es geht rund in Schwaben";"FALSE"
"2016-12";"Allgemein";"In der Freizeit etwas besonderes tun";"FALSE"
"2015-01";"Astronomie";"Vulkanausbruch auf der Venus";"FALSE"
"2015-01";"Physik";"Was macht eigentlich der Astroteilchenphysiker Guido Drexler";"FALSE"
"2015-01";"Astronomie";"Sternenpark im Brandenburg";"FALSE"
"2015-01";"Archälogie";"Alles andere als tote Hose";"FALSE"
"2015-01";"Allgemein";"Einige haben ein längst Überholtes Bild von uns";"FALSE"
"2015-01";"Soziologie";"Wünsche und Werte im Ausverkauf";"FALSE"
"2015-01";"Technik";"Aus der Traum";"FALSE"
"2015-02";"Biologie";"Verräterische Pflanzen";"FALSE"
"2015-02";"Umwelt";"Preußisch Blau für die Sau";"FALSE"
"2015-02";"Medizin";"Man degradiert Ärzte zu Totengräbern";"FALSE"
"2015-02";"Astronomie";"Auf Neutrinofang im ewigen Eis";"TRUE"
"2015-02";"Astronomie";"Direkter Blick ins Sonnenfeuer";"TRUE"
"2015-02";"Physik";"Geisterjagt im Fernen Osten";"TRUE"
"2015-02";"Geologie";"Botschaften aus dem Erdinneren";"TRUE"
"2015-02";"Astronomie";"Frühlingserwachen an Titans Nordpol";"FALSE"
"2015-02";"Technik";"Phosphorkrise: Rettung aus dem Schlachthof";"FALSE"
"2015-02";"Allgemein";"Die Sprache ist immer Trägerin der Kultur";"FALSE"
"2015-02";"Anthropologie";"Der Mensch als Naturgewalt";"TRUE"
"2015-02";"Anthropologie";"Wir müssen jetzt reagieren";"TRUE"
"2015-02";"Umwelt";"Zwei Räder sind genug";"FALSE"
"2015-02";"Soziologie";"Selbstdarstellung funktioniert nicht mehr Übers Auto";"FALSE"
"2015-02";"Technik";"Transrapid im Aufzugschacht";"FALSE"
"2015-02";"Technik";"Eduard Heindl: Der Mann der Berge stemmt";"FALSE"
"2015-03";"Medizin";"Das Kreuz mit dem Kreuz";"TRUE"
"2015-03";"Medizin";"Nicht immer gleich operieren";"TRUE"
"2015-03";"Biologie";"Fluch der Evolution";"TRUE"
"2015-03";"Biologie";"Verwirrung im Bienenstock";"FALSE"
"2015-03";"Allgemein";"Mit Mikro groß herausgekommen";"FALSE"
"2015-03";"Technik";"Kaltes Plasma – ein Wunderstoff";"FALSE"
"2015-03";"Technik";"Kleiner Punkt ganz groß";"FALSE"
"2015-03";"Archälogie";"Magische Körperkunst";"FALSE"
"2015-03";"Soziologie";"Tattoos verkommen zum Konsumgut";"FALSE"
"2015-03";"Allgemein";"Was macht eigentlich der Wissenschaftsblogger Florian Freistetter";"FALSE"
"2015-03";"Allgemein";"Du hast irgendetwas und bist ein lustiger Typ";"FALSE"
"2015-03";"Technik";"Lichtblick für Gasriesen";"FALSE"
"2015-03";"Technik";"Strom aus der Trickkiste";"FALSE"
"2015-04";"Biologie";"Ein Herz für Tiere";"FALSE"
"2015-04";"Medizin";"Pro Vorsorge... denn sie verhindert schlimmeres";"FALSE"
"2015-04";"Medizin";"Kontra Vorsorge … weil die Sicherheit trügt";"FALSE"
"2015-04";"Physik";"Verrücktes Licht";"TRUE"
"2015-04";"Physik";"Bilder des Unsichtbaren";"TRUE"
"2015-04";"Physik";"Wie weggezaubert";"TRUE"
"2015-04";"Physik";"Stopp fürs Licht";"TRUE"
"2015-04";"Physik";"Schwebende Blitze";"TRUE"
"2015-04";"Astronomie";"ISEE-3 bitte melden";"FALSE"
"2015-04";"Astronomie";"Fundsache Beagle 2";"FALSE"
"2015-04";"Architektur";"Alles Berechnung";"FALSE"
"2015-04";"Psychologie";"Spielend geheilt";"FALSE"
"2015-04";"Allgemein";"In unserem Land zieht man gern";"FALSE"
"2015-04";"Psychologie";"Vergiss es";"FALSE"
"2015-04";"Medizin";"Was am Ende zählt";"FALSE"
"2015-04";"Technik";"Am russischen Erdgastropf";"TRUE"
"2015-04";"Technik";"Freispruch für Geofracking";"TRUE"
"2015-05";"Umwelt";"Der Kampf gegen die Bio-Mafia";"FALSE"
"2015-05";"Biologie";"Blümchen wechsel dich";"FALSE"
"2015-05";"Medizin";"Im Land der unbegrenzten Kosten";"FALSE"
"2015-05";"Medizin";"Den Preis erfährt man erst nach der Behandlung";"FALSE"
"2015-05";"Psychologie";"Wir sollten wieder träumen";"FALSE"
"2015-05";"Astronomie";"Finstere Zwillinge";"FALSE"
"2015-05";"Astronomie";"Weißer Zwerg mit Planetentrümmern";"FALSE"
"2015-05";"Astronomie";"Galaktische Sterelisation";"FALSE"
"2015-05";"Soziologie";"Das Geheimnis guter Partnerschaften";"TRUE"
"2015-05";"Soziologie";"Zweisamkeit macht immer gleicher";"TRUE"
"2015-05";"Archälogie";"Großbildjäger";"FALSE"
"2015-05";"Allgemein";"In der Stadt lacht man anders";"FALSE"
"2015-05";"Technik";"Raus aus dem Stau-Gau";"FALSE"
"2015-05";"Allgemein";"Stewart Parkin und Claudia Felser: Das Power Paar";"FALSE"
"2015-06";"Biologie";"Frisch aus der Fabrik";"FALSE"
"2015-06";"Biologie";"Afrikanische Zeugen der Evolution";"FALSE"
"2015-06";"Psychologie";"Marketing mit Hirn?";"FALSE"
"2015-06";"Klima";"Hautnah am Sturm";"FALSE"
"2015-06";"Physik";"Bohr schlägt Einstein im Doppelspalt";"FALSE"
"2015-06";"Astronomie";"Kleiner Komet ganz groß";"FALSE"
"2015-06";"Astronomie";"Seltsame Radioblitze aus dem All";"FALSE"
"2015-06";"Umwelt";"Öko auf Probe";"FALSE"
"2015-06";"Archälogie";"Die vergessenen Gräber";"TRUE"
"2015-06";"Archälogie";"Friedhof der Millionen Jahre";"TRUE"
"2015-06";"Technik";"Wie Schäden von selbst verschwinden";"FALSE"
"2015-06";"Technik";"Wir Schweden haben den Zug verpasst";"FALSE"
"2015-06";"Technik";"Neuer Star am Solar-Himmel";"FALSE"
"2015-07";"Biologie";"Ich denke, also schwimme ich";"FALSE"
"2015-07";"Biologie";"Alarm! Tropen-Mücken in Deutschland";"FALSE"
"2015-07";"Technik";"Schnelle Teilchen für alle";"FALSE"
"2015-07";"Biologie";"Der Tiefenrausch war mir eine Lehre";"FALSE"
"2015-07";"Anthropologie";"Die Spur führt nach Osten";"TRUE"
"2015-07";"Anthropologie";"Die geheimnisvollen Dritten";"TRUE"
"2015-07";"Archälogie";"Die Denker von al-Andalus";"FALSE"
"2015-07";"Psychologie";"Freude, Angst, Wut";"FALSE"
"2015-07";"Technik";"Die vierte Revolution";"FALSE"
"2015-07";"Technik";"Millionen Augen und Ohren";"FALSE"
"2015-07";"Medizin";"Zielgenau zum Krebsherd";"FALSE"
"2015-08";"Psychologie";"Was uns zu Helden macht";"TRUE"
"2015-08";"Biologie";"Tierisch hilfsbereit";"TRUE"
"2015-08";"Medizin";"Hoffnung für Millionen Kinder";"FALSE"
"2015-08";"Medizin";"Michel Revel: Kämpfer gegen Multiple Sklerose";"FALSE"
"2015-08";"Geologie";"Die Geburt eines Ozeans";"FALSE"
"2015-08";"Physik";"Mit Einstein nach Einöllen";"FALSE"
"2015-08";"Astronomie";"Die Ära der Riesenbomben";"FALSE"
"2015-08";"Allgemein";"Wettstreit der Giganten";"TRUE"
"2015-08";"Allgemein";"Die Politik muss Deutschland besser aufstellen";"TRUE"
"2015-08";"Archälogie";"Das älteste Kunstwerk der Welt";"FALSE"
"2015-08";"Allgemein";"Auf dem Campus kurvt ein autonomes Autor rum";"FALSE"
"2015-08";"Technik";"Der Turmbau zu Rottweil";"FALSE"
"2015-08";"Informatik";"4 Mal zahlen genügt";"FALSE"
"2015-09";"Psychologie";"Knapp daneben ist auch vorbei";"FALSE"
"2015-09";"Allgemein";"Förderprojekt Dorfschule";"FALSE"
"2015-09";"Medizin";"Einer muss den Job machen";"FALSE"
"2015-09";"Physik";"Sackgassen, Irrtümer und der Durchbruch";"TRUE"
"2015-09";"Physik";"Wettstreit der Genies";"TRUE"
"2015-09";"Physik";"Ich kämpfe ständig darum, die Paradigmen zu überwinden";"TRUE"
"2015-09";"Biologie";"Tiere spüren die Gefahr";"FALSE"
"2015-09";"Allgemein";"Schneller, günstiger, besser";"FALSE"
"2015-09";"Geologie";"Zeitreise in den Vulkan";"FALSE"
"2015-09";"Archälogie";"Die Spiel-Höhle";"FALSE"
"2015-09";"Soziologie";"Wohnen in der Nische";"FALSE"
"2015-09";"Biologie";"Das neuronale Orchester";"FALSE"
"2015-09";"Technik";"Himmlische Offensive";"FALSE"
"2015-09";"Technik";"Das große Ding am Hafen";"FALSE"
"2015-10";"Biologie";"Verwandte Seelen";"FALSE"
"2015-10";"Biologie";"Die Rache der Mikrobiologin";"FALSE"
"2015-10";"Soziologie";"Der Verstand ist ein Gottesgeschenk";"FALSE"
"2015-10";"Physik";"Die Jagd geht weiter";"TRUE"
"2015-10";"Physik";"5 Auf einem Streich";"TRUE"
"2015-10";"Astronomie";"Das Yin-Yang-Universum";"TRUE"
"2015-10";"Astronomie";"Warum so wenig Sterne entstehen";"FALSE"
"2015-10";"Archälogie";"Der Schatz von Stonehenge";"FALSE"
"2015-10";"Umwelt";"Kampf gegen Schmutz und Smog";"FALSE"
"2015-10";"Biologie";"Bier für Feinschmecker";"FALSE"
"2015-10";"Medizin";"Muskeltrainig für den Mars-Trip";"FALSE"
"2015-10";"Technik";"Zuhause mit Grips";"FALSE"
"2015-10";"Soziologie";"Oh, wie schön ist Panama oder: Die Liebe zu den Prognosen";"FALSE"
"2015-11";"Technik";"Licht und Schatten";"TRUE"
"2015-11";"Technik";"Es werde Licht";"TRUE"
"2015-11";"Medizin";"Es ist ein anderes sehen";"TRUE"
"2015-11";"Biologie";"Neugier macht erfinderisch";"FALSE"
"2015-11";"Astronomie";"Eis auf der Glutwelt";"FALSE"
"2015-11";"Physik";"Mit Einstein auf Meereshöhe";"FALSE"
"2015-11";"Geologie";"Krater komplett?";"FALSE"
"2015-11";"Allgemein";"10 Jahre Deutscher Preis für Wissenschaftsfotografie";"FALSE"
"2015-11";"Allgemein";"Klaus Tschira und sein innerer Kompass";"FALSE"
"2015-11";"Allgemein";"Forschen nach Feierabend";"FALSE"
"2015-11";"Technik";"Treibhausgas in der Matratze";"FALSE"
"2015-11";"Technik";"Federleicht und anschmiegsam";"FALSE"
"2015-12";"Umwelt";"Deutschland im Elch-Test";"FALSE"
"2015-12";"Medizin";"Wege aus der Antibiotika-Krise";"FALSE"
"2015-12";"Biologie";"Schnalzend zum Ziel";"FALSE"
"2015-12";"Mathematik";"Mehr als die Summe der Teile";"FALSE"
"2015-12";"Astronomie";"Im Reich der schwarzen Dünen";"FALSE"
"2015-12";"Astronomie";"Lebenszeichen von Philae";"FALSE"
"2015-12";"Astronomie";"Wie alt ist der Mond";"FALSE"
"2015-12";"Paläontologie";"Wir setzen uns auf Saurierknochen";"FALSE"
"2015-12";"Soziologie";"Einsturz ins Uferlose wird in Kauf genommen";"FALSE"
"2015-12";"Anthropologie";"So gelingt die Menschenzeit";"FALSE"
"2015-12";"Physik";"Verschränkt im Eierkarton ";"TRUE"
"2015-12";"Physik";"Licht an beim Lauschangriff";"TRUE"
"2015-12";"Informatik";"Problem gesucht";"TRUE"
